LADA (VAZ) 2107,6900,2012,1.6,10900,AZN
LADA (VAZ) 2107,6100,2010,1.6,151365,AZN
LADA (VAZ) 2107,6600,2010,1.6,150000,AZN
LADA (VAZ) 2107,3100,2000,1.6,165000,AZN
LADA (VAZ) 2107,3900,2003,1.6,250000,AZN
LADA (VAZ) 2107,2700,1993,1.6,211111,AZN
LADA (VAZ) 2107,4800,2007,1.6,84236,AZN
LADA (VAZ) 2107,5800,2010,1.6,140000,AZN
LADA (VAZ) 2107,10300,2012,1.6,66700,AZN
LADA (VAZ) 2107,4400,2004,1.6,294000,AZN
LADA (VAZ) 2107,3400,2004,1.6,400000,AZN
LADA (VAZ) 2107,5000,2004,1.6,136000,AZN
LADA (VAZ) 2107,5600,2006,1.6,370000,AZN
LADA (VAZ) 2107,4400,2006,1.6,144000,AZN
LADA (VAZ) 2107,3800,2004,1.5,194311,AZN
LADA (VAZ) 2107,6700,2010,1.6,256496,AZN
LADA (VAZ) 2107,5800,2005,1.5,144000,AZN
LADA (VAZ) 2107,4900,2010,1.6,47500,AZN
LADA (VAZ) 2107,4300,2006,1.6,163000,AZN
LADA (VAZ) 2107,3900,2003,1.6,200102,AZN
LADA (VAZ) 2107,7900,2010,1.6,77829,AZN
LADA (VAZ) 2107,1900,1985,1.5,314563,AZN
LADA (VAZ) 2107,4150,2007,1.6,215431,AZN
LADA (VAZ) 2107,4400,2007,1.6,145075,AZN
LADA (VAZ) 2107,4400,2001,1.6,198767,AZN
LADA (VAZ) 2107,2300,1993,1.5,320000,AZN
LADA (VAZ) 2107,3900,2000,1.6,321247,AZN
LADA (VAZ) 2107,5700,2007,1.6,120000,AZN
LADA (VAZ) 2107,6550,2011,1.6,96789,AZN
LADA (VAZ) 2107,9000,2010,1.6,27000,AZN
LADA (VAZ) 2107,3900,2002,1.6,224532,AZN
LADA (VAZ) 2107,5400,2008,1.6,160000,AZN
LADA (VAZ) 2107,4300,2003,1.6,164740,AZN
LADA (VAZ) 2107,4800,2005,1.6,130000,AZN
LADA (VAZ) 2107,5900,2008,1.6,148000,AZN
LADA (VAZ) 2107,6800,2011,1.6,92000,AZN
LADA (VAZ) 2107,5200,2010,1.6,144000,AZN
LADA (VAZ) 2107,5800,2009,1.6,74000,AZN
LADA (VAZ) 2107,4700,2007,1.6,152000,AZN
LADA (VAZ) 2107,5300,2009,1.6,97000,AZN
LADA (VAZ) 2107,2500,1993,1.5,500000,AZN
LADA (VAZ) 2107,5400,2007,1.6,130000,AZN
LADA (VAZ) 2107,6500,2007,1.6,67700,AZN
LADA (VAZ) 2107,5500,2010,1.6,51000,AZN
LADA (VAZ) 2107,5000,2010,1.6,190000,AZN
LADA (VAZ) 2107,5300,2007,1.6,71000,AZN
LADA (VAZ) 2107,4200,2005,1.6,215436,AZN
LADA (VAZ) 2107,2950,1998,1.6,150000,AZN
LADA (VAZ) 2107,12500,2015,1.7,40000,AZN
LADA (VAZ) 2107,4250,2004,1.6,165000,AZN
LADA (VAZ) 2107,5300,2007,1.6,74000,AZN
LADA (VAZ) 2107,5300,2005,1.6,220000,AZN
LADA (VAZ) 2107,5400,2007,1.6,57567,AZN
LADA (VAZ) 2107,4200,2000,1.6,45000,AZN
LADA (VAZ) 2107,5500,2005,1.6,95870,AZN
LADA (VAZ) 2107,6500,2011,1.6,100000,AZN
LADA (VAZ) 2107,4800,2007,1.6,95000,AZN
LADA (VAZ) 2107,3800,2004,1.6,157000,AZN
LADA (VAZ) 2107,2450,1999,1.5,456788,AZN
LADA (VAZ) 2107,2000,1988,1.5,260000,AZN
LADA (VAZ) 2107,3100,1997,1.5,158427,AZN
LADA (VAZ) 2107,9500,2012,1.6,56800,AZN
LADA (VAZ) 2107,2800,1995,1.5,374522,AZN
LADA (VAZ) 2107,3700,2003,1.6,82000,AZN
LADA (VAZ) 2107,4200,2007,1.6,134000,AZN
LADA (VAZ) 2107,3450,2001,1.6,390000,AZN
LADA (VAZ) 2107,3550,2003,1.6,273898,AZN
LADA (VAZ) 2107,5700,2008,1.6,83000,AZN
LADA (VAZ) 2107,6600,2010,1.6,94000,AZN
LADA (VAZ) 2107,5500,2010,1.6,88500,AZN
LADA (VAZ) 2107,5600,2008,1.6,85000,AZN
LADA (VAZ) 2107,5800,2010,1.6,174000,AZN
LADA (VAZ) 2107,2200,1993,1.5,2884486,AZN
LADA (VAZ) 2107,3600,2000,1.6,150000,AZN
LADA (VAZ) 2107,3700,2000,1.6,282354,AZN
LADA (VAZ) 2107,3000,1986,1.5,412580,AZN
LADA (VAZ) 2107,3800,2004,1.6,132966,AZN
LADA (VAZ) 2107,5000,2009,1.6,133000,AZN
LADA (VAZ) 2107,3900,2003,1.6,150000,AZN
LADA (VAZ) 2107,4200,2001,1.6,157000,AZN
LADA (VAZ) 2107,5750,2011,1.6,246000,AZN
LADA (VAZ) 2107,2600,1993,1.5,85695,AZN
LADA (VAZ) 2107,4400,2006,1.6,53262,AZN
LADA (VAZ) 2107,5100,2008,1.6,93425,AZN
LADA (VAZ) 2107,5250,2009,1.6,140000,AZN
LADA (VAZ) 2107,5000,2006,1.6,69000,AZN
LADA (VAZ) 2107,2500,1982,1.5,1000000,AZN
LADA (VAZ) 2107,2500,1996,1.6,250000,AZN
LADA (VAZ) 2107,6500,2009,1.6,98000,AZN
LADA (VAZ) 2107,3000,2000,1.6,280000,AZN
LADA (VAZ) 2107,2050,1991,1.5,339876,AZN
LADA (VAZ) 2107,6100,2011,1.6,150000,AZN
LADA (VAZ) 2107,3000,1996,1.5,250000,AZN
LADA (VAZ) 2107,2840,1991,1.6,58400,AZN
LADA (VAZ) 2107,6700,2007,1.6,160000,AZN
LADA (VAZ) 2107,3600,2003,1.6,290000,AZN
LADA (VAZ) 2107,5000,2009,1.6,95000,AZN
LADA (VAZ) 2107,3800,2002,1.6,226500,AZN
LADA (VAZ) 2107,3100,1999,1.5,358427,AZN
LADA (VAZ) 2107,2550,1990,1.5,396549,AZN
LADA (VAZ) 2107,4500,2005,1.6,113000,AZN
LADA (VAZ) 2107,4900,2008,1.6,148000,AZN
LADA (VAZ) 2107,5400,2009,1.6,90000,AZN
LADA (VAZ) 2107,6500,2009,1.6,140000,AZN
LADA (VAZ) 2107,7400,2011,1.6,122000,AZN
LADA (VAZ) 2107,6500,2012,1.6,121000,AZN
LADA (VAZ) 2107,3900,1998,1.6,76450,AZN
LADA (VAZ) 2107,4300,2005,1.6,94329,AZN
LADA (VAZ) 2107,4300,2000,1.6,289146,AZN
LADA (VAZ) 2107,4200,2003,1.6,233300,AZN
LADA (VAZ) 2107,3700,1999,1.6,250000,AZN
LADA (VAZ) 2107,4700,2004,1.6,197148,AZN
LADA (VAZ) 2107,5250,2011,1.6,92000,AZN
LADA (VAZ) 2107,5500,2008,1.6,153000,AZN
LADA (VAZ) 2107,5000,2011,1.6,71000,AZN
LADA (VAZ) 2107,3900,1998,1.6,255000,AZN
LADA (VAZ) 2107,3800,2007,1.6,152000,AZN
LADA (VAZ) 2107,6900,2011,1.6,130000,AZN
LADA (VAZ) 2107,6700,2012,1.6,92700,AZN
LADA (VAZ) 2107,5500,2009,1.6,160000,AZN
LADA (VAZ) 2107,5300,2010,1.6,93000,AZN
LADA (VAZ) 2107,4800,2006,1.6,54303,AZN
LADA (VAZ) 2107,5100,2008,1.6,112942,AZN
LADA (VAZ) 2107,7200,2010,1.6,147000,AZN
LADA (VAZ) 2107,5500,2011,1.6,70000,AZN
LADA (VAZ) 2107,4100,2009,1.6,210000,AZN
LADA (VAZ) 2107,5400,2006,1.6,100000,AZN
LADA (VAZ) 2107,2600,1986,1.6,151000,AZN
LADA (VAZ) 2107,2800,1990,1.5,198980,AZN
LADA (VAZ) 2107,4600,2002,1.6,263722,AZN
LADA (VAZ) 2107,4900,2008,1.6,150000,AZN
LADA (VAZ) 2107,6000,2011,1.6,195000,AZN
LADA (VAZ) 2107,4300,2007,1.6,159000,AZN
LADA (VAZ) 2107,2900,1993,1.5,210000,AZN
LADA (VAZ) 2107,4250,2003,1.6,175804,AZN
LADA (VAZ) 2107,2800,1990,1.5,277877,AZN
LADA (VAZ) 2107,6800,2009,1.6,67000,AZN
LADA (VAZ) 2107,4600,2005,1.6,198000,AZN
LADA (VAZ) 2107,5700,2010,1.6,87000,AZN
LADA (VAZ) 2107,5500,2005,1.6,80992,AZN
LADA (VAZ) 2107,3700,1998,1.6,113000,AZN
LADA (VAZ) 2107,4900,2003,1.6,109000,AZN
LADA (VAZ) 2107,6800,2011,1.6,115555,AZN
LADA (VAZ) 2107,7000,2010,1.6,51200,AZN
LADA (VAZ) 2107,3100,1999,1.6,159402,AZN
LADA (VAZ) 2107,6300,2011,1.6,39000,AZN
LADA (VAZ) 2107,4500,2007,1.6,15000,AZN
LADA (VAZ) 2107,5900,2009,1.6,125609,AZN
LADA (VAZ) 2107,4600,2008,1.6,66862,AZN
LADA (VAZ) 2107,5100,2008,1.6,84523,AZN
LADA (VAZ) 2107,3600,2004,1.6,250000,AZN
LADA (VAZ) 2107,6300,2010,1.6,140000,AZN
LADA (VAZ) 2107,5400,2007,1.6,89000,AZN
LADA (VAZ) 2107,4700,2006,1.6,376548,AZN
LADA (VAZ) 2107,5600,2011,1.6,95000,AZN
LADA (VAZ) 2107,2800,1994,1.5,230000,AZN
LADA (VAZ) 2107,6900,2011,1.6,129806,AZN
LADA (VAZ) 2107,2900,1990,1.5,250000,AZN
LADA (VAZ) 2107,4800,2004,1.6,130000,AZN
LADA (VAZ) 2107,4200,2004,1.6,100000,AZN
LADA (VAZ) 2107,5300,2009,1.6,118000,AZN
LADA (VAZ) 2107,3600,2002,1.6,124325,AZN
LADA (VAZ) 2107,5400,2010,1.6,124752,AZN
LADA (VAZ) 2107,3100,1995,1.6,285000,AZN
LADA (VAZ) 2107,7500,2012,1.6,77000,AZN
LADA (VAZ) 2107,6800,2010,1.5,50000,AZN
LADA (VAZ) 2107,7800,2010,1.7,31000,AZN
LADA (VAZ) 2107,4800,2005,1.6,252200,AZN
LADA (VAZ) 2107,2500,1992,1.5,300000,AZN
LADA (VAZ) 2107,4500,2004,1.6,114000,AZN
LADA (VAZ) 2107,3800,2003,1.6,265000,AZN
LADA (VAZ) 2107,3550,2005,1.6,157455,AZN
LADA (VAZ) 2107,6750,2012,1.6,214700,AZN
LADA (VAZ) 2107,4700,2006,1.6,120000,AZN
LADA (VAZ) 2107,4900,2006,1.6,187000,AZN
LADA (VAZ) 2107,4800,2006,1.6,176599,AZN
LADA (VAZ) 2107,4600,2006,1.6,83000,AZN
LADA (VAZ) 2107,3600,2000,1.6,300000,AZN
LADA (VAZ) 2107,3700,2003,1.6,256320,AZN
LADA (VAZ) 2107,4100,2004,1.6,150000,AZN
LADA (VAZ) 2107,6300,2011,1.6,12000,AZN
LADA (VAZ) 2107,6000,2008,1.6,133200,AZN
LADA (VAZ) 2107,2600,1985,1.5,150000,AZN
LADA (VAZ) 2107,2950,2004,1.6,165000,AZN
LADA (VAZ) 2107,5850,2008,1.6,112354,AZN
LADA (VAZ) 2107,5500,2009,1.6,810000,AZN
LADA (VAZ) 2107,3800,2003,1.6,32122,AZN
LADA (VAZ) 2107,5600,2011,1.6,85467,AZN
LADA (VAZ) 2107,3200,1996,1.6,654989,AZN
LADA (VAZ) 2107,5500,2006,1.6,80000,AZN
LADA (VAZ) 2107,7000,2011,1.6,64300,AZN
LADA (VAZ) 2107,5500,2011,1.6,96000,AZN
LADA (VAZ) 2107,3850,2005,1.6,175000,AZN
LADA (VAZ) 2107,3600,2003,1.3,193123,AZN
LADA (VAZ) 2107,4500,2004,1.5,100500,AZN
LADA (VAZ) 2107,3200,1983,1.3,796403,AZN
LADA (VAZ) 2107,5600,2009,1.6,135458,AZN
LADA (VAZ) 2107,5700,2011,1.6,56000,AZN
LADA (VAZ) 2107,6250,2011,1.6,180000,AZN
LADA (VAZ) 2107,4400,2004,1.6,160000,AZN
LADA (VAZ) 2107,1500,1982,1.5,325000,AZN
LADA (VAZ) 2107,1500,1999,1.6,221000,AZN
LADA (VAZ) 2107,3300,1999,1.5,496000,AZN
LADA (VAZ) 2107,5800,2009,1.6,98000,AZN
LADA (VAZ) 2107,4400,2004,1.6,179000,AZN
LADA (VAZ) 2107,5600,2008,1.6,142930,AZN
LADA (VAZ) 2107,5700,2008,1.6,84000,AZN
LADA (VAZ) 2107,2700,1994,1.5,243210,AZN
LADA (VAZ) 2107,3700,2004,1.6,350000,AZN
LADA (VAZ) 2107,4500,2003,1.6,180000,AZN
LADA (VAZ) 2107,5700,2009,1.6,125636,AZN
LADA (VAZ) 2107,8300,2010,1.6,73000,AZN
LADA (VAZ) 2107,4200,2004,1.6,199200,AZN
LADA (VAZ) 2107,6500,2011,1.6,107000,AZN
LADA (VAZ) 2107,6200,2010,1.6,199900,AZN
LADA (VAZ) 2107,7200,2012,1.6,61000,AZN
LADA (VAZ) 2107,6500,2008,1.6,64637,AZN
LADA (VAZ) 2107,4200,1999,1.6,38063,AZN
LADA (VAZ) 2107,3800,2004,1.6,86103,AZN
LADA (VAZ) 2107,5400,2010,1.6,80000,AZN
LADA (VAZ) 2107,4000,2005,1.6,80000,AZN
LADA (VAZ) 2107,4500,2009,1.6,110000,AZN
LADA (VAZ) 2107,5600,2009,1.6,154481,AZN
LADA (VAZ) 2107,3400,2000,1.6,200000,AZN
LADA (VAZ) 2107,5600,2010,1.6,33358,AZN
LADA (VAZ) 2107,6700,2010,1.6,46872,AZN
LADA (VAZ) 2107,5500,2006,1.6,120000,AZN
LADA (VAZ) 2107,2500,1993,1.5,190000,AZN
LADA (VAZ) 2107,3600,2007,1.6,178000,AZN
LADA (VAZ) 2107,3300,1998,1.6,351111,AZN
LADA (VAZ) 2107,3900,2003,1.6,145365,AZN
LADA (VAZ) 2107,3300,1998,1.6,234000,AZN
LADA (VAZ) 2107,5300,2008,1.6,70000,AZN
LADA (VAZ) 2107,4900,2008,1.6,95000,AZN
LADA (VAZ) 2107,4600,2008,1.6,138000,AZN
LADA (VAZ) 2107,4800,2009,1.6,95804,AZN
LADA (VAZ) 2107,3500,2003,1.6,223547,AZN
LADA (VAZ) 2107,5800,2010,1.6,65000,AZN
LADA (VAZ) 2107,6500,2011,1.6,89000,AZN
LADA (VAZ) 2107,5900,2009,1.6,141000,AZN
LADA (VAZ) 2107,4200,2006,1.6,230000,AZN
LADA (VAZ) 2107,6300,2010,1.6,140000,AZN
LADA (VAZ) 2107,6550,2011,1.6,77476,AZN
LADA (VAZ) 2107,3600,2001,1.6,299700,AZN
LADA (VAZ) 2107,5400,2008,1.6,85941,AZN
LADA (VAZ) 2107,6100,2010,1.6,57000,AZN
LADA (VAZ) 2107,4300,2006,1.6,193000,AZN
LADA (VAZ) 2107,6150,2011,1.6,124000,AZN
LADA (VAZ) 2107,5900,2011,1.6,53000,AZN
LADA (VAZ) 2107,6700,2012,1.6,64000,AZN
LADA (VAZ) 2107,5300,2010,1.6,86000,AZN
LADA (VAZ) 2107,5700,2008,1.6,46000,AZN
LADA (VAZ) 2107,5700,2011,1.6,772000,AZN
LADA (VAZ) 2107,5800,2010,1.6,100000,AZN
LADA (VAZ) 2107,5000,2006,1.6,160000,AZN
LADA (VAZ) 2107,2250,1984,1.3,324500,AZN
LADA (VAZ) 2107,5150,2010,1.6,65399,AZN
LADA (VAZ) 2107,5400,2008,1.6,74000,AZN
LADA (VAZ) 2107,3550,2002,1.6,225000,AZN
LADA (VAZ) 2107,3550,2002,1.6,225000,AZN
LADA (VAZ) 2107,3950,2005,1.6,218111,AZN
LADA (VAZ) 2107,3950,2005,1.6,218111,AZN
LADA (VAZ) 2107,4700,2006,1.6,213455,AZN
LADA (VAZ) 2107,3800,2003,1.6,160000,AZN
LADA (VAZ) 2107,4200,2007,1.6,150000,AZN
LADA (VAZ) 2107,3950,2005,1.6,218111,AZN
LADA (VAZ) 2107,4700,2006,1.6,213455,AZN
LADA (VAZ) 2107,3800,2003,1.6,160000,AZN
LADA (VAZ) 2107,4200,2007,1.6,150000,AZN
LADA (VAZ) 2107,3950,2005,1.6,218111,AZN
LADA (VAZ) 2107,4700,2006,1.6,213455,AZN
LADA (VAZ) 2107,3800,2003,1.6,160000,AZN
LADA (VAZ) 2107,4200,2007,1.6,150000,AZN
LADA (VAZ) 2107,3950,2005,1.6,218111,AZN
LADA (VAZ) 2107,4700,2006,1.6,213455,AZN
LADA (VAZ) 2107,3800,2003,1.6,160000,AZN
LADA (VAZ) 2107,4200,2007,1.6,150000,AZN
LADA (VAZ) 2107,3950,2005,1.6,218111,AZN
LADA (VAZ) 2107,4700,2006,1.6,213455,AZN
LADA (VAZ) 2107,4700,2006,1.6,213455,AZN
LADA (VAZ) 2107,4700,2006,1.6,213455,AZN
LADA (VAZ) 2107,4700,2006,1.6,213455,AZN
LADA (VAZ) 2107,4700,2006,1.6,213455,AZN
LADA (VAZ) 2107,4700,2006,1.6,213455,AZN
LADA (VAZ) 2107,4700,2006,1.6,213455,AZN
LADA (VAZ) 2107,4700,2006,1.6,213455,AZN
LADA (VAZ) 2107,4700,2006,1.6,213455,AZN
LADA (VAZ) 2107,4700,2006,1.6,213455,AZN
LADA (VAZ) 2107,4700,2006,1.6,213455,AZN
LADA (VAZ) 2107,4700,2006,1.6,213455,AZN
LADA (VAZ) 2107,4700,2006,1.6,213455,AZN
LADA (VAZ) 2107,4700,2006,1.6,213455,AZN
LADA (VAZ) 2107,4700,2006,1.6,213455,AZN
LADA (VAZ) 2107,4700,2006,1.6,213455,AZN
LADA (VAZ) 2107,3800,2003,1.6,160000,AZN
LADA (VAZ) 2107,5900,2010,1.6,115000,AZN
LADA (VAZ) 2107,5000,2008,1.6,149000,AZN
LADA (VAZ) 2107,4800,2003,1.5,170000,AZN
LADA (VAZ) 2107,4400,2002,1.6,345000,AZN
